{
  "accuracy": [
    0.4665071666240692,
    0.5017942786216736,
    0.5556219816207886,
    0.5663875341415405,
    0.6297847032546997,
    0.6483253836631775,
    0.6561004519462585,
    0.6680622100830078,
    0.6776315569877625,
    0.6818181872367859,
    0.6770334839820862,
    0.7039473652839661,
    0.7188995480537415,
    0.7290669679641724,
    0.7535884976387024,
    0.7440191507339478,
    0.7589712738990784,
    0.7661483287811279,
    0.7858851552009583,
    0.7697368264198303,
    0.7882775068283081,
    0.7739234566688538,
    0.7805023789405823,
    0.7858851552009583,
    0.7954545617103577,
    0.8127990365028381,
    0.7960526347160339,
    0.7954545617103577
  ],
  "loss": [
    1.6766060590744019,
    1.4519457817077637,
    1.2583482265472412,
    1.162053108215332,
    0.9859577417373657,
    0.9814220070838928,
    0.9588261842727661,
    0.909436047077179,
    0.8635613918304443,
    0.8862694501876831,
    0.8517560362815857,
    0.7921299338340759,
    0.7414015531539917,
    0.7271435260772705,
    0.6965618133544922,
    0.6873812079429626,
    0.6700464487075806,
    0.6556931734085083,
    0.6016504168510437,
    0.6202853322029114,
    0.5793759822845459,
    0.603959858417511,
    0.5943450331687927,
    0.5722165107727051,
    0.5719387531280518,
    0.5103646516799927,
    0.5500179529190063,
    0.5193591117858887
  ],
  "val_accuracy": [
    0.23398329317569733,
    0.2423398345708847,
    0.2646239697933197,
    0.2646239697933197,
    0.26740947365760803,
    0.3537604510784149,
    0.36768803000450134,
    0.5292479395866394,
    0.5877437591552734,
    0.6044568419456482,
    0.6239554286003113,
    0.6378830075263977,
    0.4958217144012451,
    0.7353760600090027,
    0.6685236692428589,
    0.6267409324645996,
    0.7242339849472046,
    0.7688022255897522,
    0.7688022255897522,
    0.7298049926757812,
    0.6601671576499939,
    0.7938718795776367,
    0.7576601505279541,
    0.7075209021568298,
    0.7520891427993774,
    0.738161563873291,
    0.796657383441925,
    0.7883008122444153
  ],
  "val_loss": [
    1.6011691093444824,
    1.622246503829956,
    1.8545036315917969,
    1.7763774394989014,
    1.9786310195922852,
    1.5591156482696533,
    1.4717165231704712,
    1.5016918182373047,
    0.9967087507247925,
    1.1377614736557007,
    1.073899269104004,
    1.0559877157211304,
    1.4174468517303467,
    0.6482043862342834,
    0.9683712124824524,
    1.0113961696624756,
    0.7404468059539795,
    0.6329443454742432,
    0.5961665511131287,
    0.807948112487793,
    0.9238799810409546,
    0.5479377508163452,
    0.6797336339950562,
    0.8419916033744812,
    0.7124271392822266,
    0.6689017415046692,
    0.5484405159950256,
    0.5879145264625549
  ],
  "learning_rate": [
    0.0010000000474974513,
    0.0010000000474974513,
    0.0010000000474974513,
    0.0010000000474974513,
    0.0005000000237487257,
    0.0005000000237487257,
    0.0005000000237487257,
    0.0005000000237487257,
    0.0005000000237487257,
    0.0005000000237487257,
    0.0005000000237487257,
    0.0005000000237487257,
    0.0002500000118743628,
    0.0002500000118743628,
    0.0002500000118743628,
    0.0002500000118743628,
    0.0002500000118743628,
    0.0001250000059371814,
    0.0001250000059371814,
    0.0001250000059371814,
    0.0001250000059371814,
    0.0001250000059371814,
    0.0001250000059371814,
    0.0001250000059371814,
    0.0001250000059371814,
    6.25000029685907e-05,
    6.25000029685907e-05,
    6.25000029685907e-05
  ]
}