{
  "accuracy": [
    0.5119616985321045,
    0.7272727489471436,
    0.7739234566688538,
    0.8074162602424622,
    0.8217703104019165,
    0.8331339955329895,
    0.839712917804718,
    0.8444976210594177,
    0.8433014154434204,
    0.8552631735801697,
    0.855861246585846,
    0.8528708219528198,
    0.8666267991065979,
    0.8738038539886475,
    0.875,
    0.8720095753669739,
    0.8905502557754517,
    0.8827751278877258,
    0.9001196026802063,
    0.9072966575622559,
    0.9192583560943604,
    0.9288277626037598,
    0.9216507077217102,
    0.9372009634971619,
    0.945574164390564
  ],
  "loss": [
    1.4931012392044067,
    0.8353820443153381,
    0.6604487895965576,
    0.5759931206703186,
    0.501384973526001,
    0.47882893681526184,
    0.44274425506591797,
    0.4310725927352905,
    0.4129248559474945,
    0.38419508934020996,
    0.4139412045478821,
    0.4128848612308502,
    0.35408520698547363,
    0.3423261046409607,
    0.32908517122268677,
    0.35601216554641724,
    0.30829331278800964,
    0.3060581684112549,
    0.2955434322357178,
    0.24176739156246185,
    0.22027136385440826,
    0.20284532010555267,
    0.20694364607334137,
    0.17071162164211273,
    0.15500877797603607
  ],
  "val_accuracy": [
    0.7465181350708008,
    0.8328690528869629,
    0.8830083608627319,
    0.8635097742080688,
    0.8913649320602417,
    0.8384401202201843,
    0.8746517896652222,
    0.8718662858009338,
    0.8774373531341553,
    0.8746517896652222,
    0.8551532030105591,
    0.8746517896652222,
    0.8774373531341553,
    0.8495821952819824,
    0.8774373531341553,
    0.8774373531341553,
    0.8857938647270203,
    0.89415043592453,
    0.8774373531341553,
    0.9052924513816833,
    0.902506947517395,
    0.9052924513816833,
    0.8997214436531067,
    0.9052924513816833,
    0.902506947517395
  ],
  "val_loss": [
    0.6428141593933105,
    0.47032293677330017,
    0.4121319055557251,
    0.3909350633621216,
    0.3605712652206421,
    0.44428110122680664,
    0.3553019165992737,
    0.369533896446228,
    0.30985501408576965,
    0.31458595395088196,
    0.4160572290420532,
    0.37523987889289856,
    0.32447174191474915,
    0.39386454224586487,
    0.33622604608535767,
    0.3129775822162628,
    0.3091430366039276,
    0.300262451171875,
    0.30892348289489746,
    0.274970144033432,
    0.2748022973537445,
    0.277959406375885,
    0.27772513031959534,
    0.26965224742889404,
    0.2708246409893036
  ],
  "learning_rate": [
    0.0010000000474974513,
    0.0010000000474974513,
    0.0010000000474974513,
    0.0010000000474974513,
    0.0010000000474974513,
    0.0010000000474974513,
    0.0010000000474974513,
    0.0010000000474974513,
    0.0010000000474974513,
    0.0010000000474974513,
    0.0010000000474974513,
    0.0010000000474974513,
    0.0005000000237487257,
    0.0005000000237487257,
    0.0005000000237487257,
    9.999999747378752e-06,
    9.999999747378752e-06,
    9.999999747378752e-06,
    9.999999747378752e-06,
    9.999999747378752e-06,
    9.999999747378752e-06,
    9.999999747378752e-06,
    9.999999747378752e-06,
    9.999999747378752e-06,
    9.999999747378752e-06
  ]
}